<?xml version="1.0" encoding="UTF-8"?>
<project-private xmlns="http://www.netbeans.org/ns/project-private/1">
    <editor-bookmarks xmlns="http://www.netbeans.org/ns/editor-bookmarks/2" lastBookmarkId="0"/>
    <open-files xmlns="http://www.netbeans.org/ns/projectui-open-files/2">
        <group>
            <file>file:/C:/Users/gpont.CP/Documents/NetBeansProjects/Sistema_de_Reservas_de_Hotel/src/interfaces/Cadastro_hotel.java</file>
            <file>file:/C:/Users/gpont.CP/Documents/NetBeansProjects/Sistema_de_Reservas_de_Hotel/src/interfaces/Login.java</file>
            <file>file:/C:/Users/gpont.CP/Documents/NetBeansProjects/Sistema_de_Reservas_de_Hotel/src/sistema_de_reservas_de_hotel/Sistema_de_Reservas_de_Hotel.java</file>
            <file>file:/C:/Users/gpont.CP/Documents/NetBeansProjects/Sistema_de_Reservas_de_Hotel/src/interfaces/Visualização_de_Informações_dos_Hóspedes.java</file>
            <file>file:/C:/Users/gpont.CP/Documents/NetBeansProjects/Sistema_de_Reservas_de_Hotel/src/interfaces/Registro_de_Atividades_Relatórios.java</file>
        </group>
    </open-files>
</project-private>
